INSERT INTO Port
VALUES
('Port Everglades', 'Fort Lauderdale', 'United States');
INSERT INTO Port
VALUES
('Port of Los Angeles', 'Los Angeles', 'United States');
INSERT INTO Port
VALUES
('Port of Seattle', 'Seattle', 'United States');
INSERT INTO Port
VALUES
('Port of Busan', 'Busan', 'South Korea');
INSERT INTO Port
VALUES
('Port Kelang', 'Kuala Lumpur', 'Malaysia');
INSERT INTO Port
VALUES
('Port of Antwerp', 'Antwerp', 'Belgium');
INSERT INTO Port
VALUES
('Port of Felixstowe', 'Suffolk', 'United Kingdom');
INSERT INTO Ship
VALUES
('Ever Ace', 235500, 'Robert Marley', 35, 'Port of Felixstowe', 
'Suffolk', 'United Kingdom', 2021);
INSERT INTO Ship
VALUES
('Wayward Star', 202000, 'James Madrigal', 25, 'Port of Los Angeles', 'Los Angeles',
'United States', 1976);
INSERT INTO Ship
VALUES
('Leading Light', 222102, 'Sally Wright', 28, 'Port of Seattle', 'Seattle',
'United States', 1995);
INSERT INTO Ship
VALUES
('Angel of Light', 234555, 'Michael Thomas', 22, 'Port Everglades', 'Fort Lauderdale',
'United States', 1995);
INSERT INTO Ship
VALUES
('High Seas', 199000, 'Lawrence Schoch', 32, 'Port of Antwerp', 'Antwerp',
'Belgium', 2011);
INSERT INTO Ship
VALUES
('Her Majesty', 202987, 'Mary King', 27, 'Port of Felixstowe', 'Suffolk',
'United Kingdom', 2002);
INSERT INTO Ship
VALUES
('Sea Runner', 197090, 'Allen Bean', 32, 'Port Everglades', 'Fort Lauderdale', 
'United States', 1990);
INSERT INTO Ship
VALUES
('MeiKong', 212312, 'Mei Lei', 34, 'Port Kelang', 'Kuala Lumpur', 
'Malaysia', 2020);
INSERT INTO Ship
VALUES
('Fair Seas', 195000, 'William Baker', 29, 'Port of Busan', 'Busan', 
'South Korea', 1980);
INSERT INTO Ship
VALUES
('Sea Dragon', 218998, 'Kim Min Su', 24, 'Port of Busan', 'Busan', 
'South Korea', 1989);
INSERT INTO Ship
VALUES
('HMM Gloria', 187045, 'Rebecca Billingsley', 25, 'Port of Felixstowe', 'Suffolk',
'United Kingdom', 2010);
INSERT INTO Container
VALUES
('200001', 9, 8, 20, 1914, 'Sea Runner');
INSERT INTO Container
VALUES
('400001', 9, 8, 40, 3828, 'MeiKong');
INSERT INTO Container
VALUES
('200002', 9, 8, 20, 2914, 'Her Majesty');
INSERT INTO Container
VALUES
('200003', 9, 8, 20, 3288, 'Mei Lei');
INSERT INTO Container
VALUES
('200004', 9, 8, 20, 5180, 'Fair Seas');
INSERT INTO Container
VALUES
('200005', 9, 8, 20, 8102, 'Ever Ace');
INSERT INTO Container
VALUES
('200006', 9, 8, 20, 5467, 'Sea Dragon');
INSERT INTO Container
VALUES
('400002', 9, 8, 40, 2914, 'Hmm Gloria');
INSERT INTO Container
VALUES
('100001', 9, 8, 10, 1914, 'High Seas');
INSERT INTO Container
VALUES
('200007', 9, 8, 20, 7213, 'Wayward Star');
INSERT INTO Container
VALUES
('200008', 9, 8, 20, 6545, 'Angel of Light');
INSERT INTO Container
VALUES
('200009', 9, 8, 20, 6988, 'Her Majesty');
INSERT INTO Container
VALUES
('200010', 9, 8, 20, 10002, 'Fair Seas');
INSERT INTO Container
VALUES
('100002', 9, 8, 10, 5632, 'Sea Dragon');
INSERT INTO Container
VALUES
('200011', 9, 8, 20, 9890, 'Ever Ace');
INSERT INTO Container
VALUES
('200012', 9, 8, 20, 8887, 'Wayward Star');
INSERT INTO Container
VALUES
('200013', 9, 8, 20, 6587, 'Leading Light');
INSERT INTO Container
VALUES
('200014', 9, 8, 20, 11012, 'Wayward Star');
INSERT INTO Container
VALUES
('200015', 9, 8, 20, 5936, NULL);
INSERT INTO Container
VALUES
('200016', 9, 8, 20, 8254, 'Her Majesty');
INSERT INTO Container
VALUES
('400003', 9, 8, 40, 12120, 'Sea Runner');
INSERT INTO Container
VALUES
('400004', 9, 8, 40, 13162, 'MeiKong');
INSERT INTO Container
VALUES
('400005', 9, 8, 40, 14150, 'Wayward Star');
INSERT INTO Container
VALUES
('400006', 9, 8, 40, 10162, 'MeiKong');
INSERT INTO Container
VALUES
('100003', 9, 8, 10, 5632, 'Ever Ace');
INSERT INTO Container
VALUES
('100004', 9, 8, 10, 4156, 'Ever Ace');
INSERT INTO Container
VALUES
('100005', 9, 8, 10, 4532, 'Fair Seas');
INSERT INTO Container
VALUES
('100006', 9, 8, 10, 4989, NULL);